commits,forks,watchers,size,open_issue,star
3293,4492,53658,50529,170,53658
3293,4492,53658,50529,170,53658
3293,4492,53658,50529,170,53658
3293,4492,53658,50529,170,53658
3293,4492,53658,50529,170,53658
3293,4492,53658,50529,170,53658
3293,4492,53658,50529,170,53658
3293,4492,53658,50529,170,53658
3293,4492,53658,50529,170,53658
3293,4492,53658,50529,170,53658
3293,4492,53658,50529,170,53658
3293,4492,53658,50529,170,53658
3293,4492,53658,50529,170,53658
3293,4492,53658,50529,170,53658
3293,4492,53658,50529,170,53658
3293,4492,53658,50529,170,53658
3293,4492,53658,50529,170,53658
3293,4492,53658,50529,170,53658
3293,4492,53658,50529,170,53658
3293,4492,53658,50529,170,53658
